ID,Timestamp,Preview,Word_Count,Character_Count,Lines,Response_Text,Cache_Key
1,2025-11-07 14:42:05,"Mentneo is a virtual world created by computers. In this digital universe, you can create your own",129,839,7," Mentneo is a virtual world created by computers. In this digital universe, you can create your own character or avatar and explore various places within the world of Mentneo.

You can interact with other players' characters (or NPCs - non-player characters) in different ways. For example, you might chat with them, play games together, trade items, or even go on quests together.

In addition to socializing and having fun, there are also challenges to overcome and goals to achieve within Mentneo. Some of these objectives may require teamwork, strategic thinking, problem-solving skills, and perseverance in order to succeed.

Overall, the world of Mentneo is a fascinating place where you can meet new people, form friendships, learn valuable life lessons, engage in fun activities, overcome challenges, and have countless adventures!",0effdea951c66bf273ea9c645a5af8d4
2,2025-11-07 14:42:05,"Abhi Yeduru is a concept that originates from ancient Indian wisdom, specifically the Vedas and Upa",107,662,8," Abhi Yeduru is a concept that originates from ancient Indian wisdom, specifically the Vedas and Upanishads.

In simplified terms for an 18-year-old:

* ""Abhi"" means 'now' or 'present moment'.
* ""Yedu"" (or Yedura) can be understood as 'that which is real, essential, or true.' It represents the inner self or soul.

So when we say Abhi Yeduru, it essentially means 'the real and true reality of the present moment', focusing on understanding the nature of the universe and one's own existence in a deeper sense. This concept can help individuals develop a greater awareness and appreciation for life as well as foster personal growth and spiritual enlightenment.",7f4ada67720d16dfe1b9dcf7a88a9864
3,2025-11-07 14:42:05,"Hello there! Today, we're going to talk about Abhi Yeduru, the founder of Mindnex.ai – a platform t",369,2917,11," Hello there! Today, we're going to talk about Abhi Yeduru, the founder of Mindnex.ai – a platform that aims to revolutionize online learning and mentorship.

1. Simple introduction:
   Abhi Yeduru is an innovative entrepreneur who has made significant contributions to the field of education technology. He founded Mindnex.ai with the goal of creating a more efficient, effective, and enjoyable online learning experience for students around the world.

2. Key concepts:
   - Personalized Learning: Mindnex.ai uses AI-based algorithms to create personalized learning plans tailored to each student's unique needs, strengths, goals, preferences, interests, and learning styles. These dynamic, adaptive, and responsive personalized learning plans are designed to optimize the learning experience for every individual student, helping them achieve their full potential in a more efficient, effective, enjoyable, engaging, motivating, inspiring, empowering, supportive, nurturing, constructive, productive, successful, and rewarding way.
   - AI-based Algorithms: Mindnex.ai leverages advanced artificial intelligence (AI) technologies to develop sophisticated algorithms that can analyze vast amounts of data in real time to create highly accurate, reliable, trustworthy, and effective personalized learning plans for each individual student based on their unique needs, strengths, goals, preferences, interests, and learning styles.
   - Real-time Feedback: Mindnex.ai provides students with immediate feedback on their performance during the course of their personalized learning plan. This real-time feedback is designed to help students quickly understand their mistakes, learn from them, correct them, improve their understanding, enhance their skills, and boost their confidence in a more efficient, effective, enjoyable, engaging, motivating, inspiring, empowering, supportive, nurturing, constructive, productive, successful, and rewarding way.
   - Interactive Learning Experiences: Mindnex.ai offers students a variety of interactive learning experiences that are designed to help them engage with the course material in more active, dynamic, participatory, collaborative, social, communicative, expressive, creative, innovative, and stimulating ways. These interactive learning experiences may include things like videos, animations, simulations, games, quizzes, polls, surveys, discussions, debates, forums, workshops, seminars, conferences, webinars, podcasts, blogs, social media platforms, online communities, virtual classrooms, and other digital tools, technologies, resources, and environments.
   - Adaptive Learning Pathways: Mindnex.ai uses AI-based algorithms to create dynamic, adaptive, responsive, flexible, agile, and versatile personalized learning pathways for each individual student based on their unique needs, strengths, goals, preferences, interests, and learning styles. These adaptive",1a95b5432350756ab92fa19112e97b75
4,2025-11-07 14:42:05,"Hello there! I'm thrilled to help you explore the fascinating world of gravity. Let's get started,",271,1613,14," Hello there! I'm thrilled to help you explore the fascinating world of gravity. Let's get started, shall we?

1. Simple introduction:
   Gravity is an invisible force that pulls objects towards each other. It's what keeps our feet on the ground and prevents everything from floating away into space!

2. Key concepts:
   - Mass: The amount of matter in an object. A larger mass means a stronger pull of gravity.
   - Acceleration due to Gravity (g): This is the rate at which an object falls towards the Earth due to gravitational force. On Earth, g has a value of approximately 9.8 meters per second squared (m/s²).

3. Real-world example:
   Let's imagine you and your friend are holding hands on top of a tall building. Since both you and your friend have the same mass, according to Newton's Law of Universal Gravitation, you will be attracted towards each other with a force that depends on the masses of you and your friend and the distance between you two.

4. Summary:
   In conclusion, gravity is an essential force in our universe that pulls objects together due to their mass. On Earth, we experience this gravitational pull every day as it keeps us from floating away into space! I hope this explanation has been both engaging and informative for you, my young friend! Keep exploring the fascinating world of science and remember: with knowledge comes power, and who knows what incredible discoveries await those brave enough to venture forth on a quest for understanding? Happy learning, my dear student! May your journey be filled with wonder, curiosity, and a thirst for knowledge that never dies!",2525bbabf6a74ce74efb1efe881bc21f
5,2025-11-07 14:42:05,Question: Which Python built-in function returns the remainder of dividing a by b? A) divmod() B) m,72,487,7," Question: Which Python built-in function returns the remainder of dividing a by b?
A) divmod()
B) modulus()
C) remainer()
D) quotient_remainder()
Correct Answer: D
Explanation: The built-in Python function that returns the remainder (after division) is 'quotient_remainder'. However, this question might be more appropriate for a beginner level quiz. In medium or advanced level quizzes, it would likely be expected to know the specific name of the built-in Python function in question.",a6d1d42b2d69024baf118acc520417d7
6,2025-11-07 14:42:05,"Hello there! Let's talk about Google, the world's most popular search engine.  In Telugu, we can sa",152,905,9," Hello there! Let's talk about Google, the world's most popular search engine.

In Telugu, we can say that Google ka prathama mahimam lo Telangana meeda ""Vaadu"" (Goal) chuseyandi.

So, what is Google's goal? Well, it all comes down to one thing: providing the most relevant and useful information as quickly as possible.

Here's a real-world example that shows how Google achieves its goal. Let's say you want to find out more about the famous architect Antoni Gaudí. All you have to do is type ""Antoni Gaudi"" into the search bar, and in just a few seconds, you will be presented with a wealth of information about this remarkable individual.

To summarize, Google's overall goal is to provide the most relevant and useful information as quickly as possible. By achieving its goal, Google has become an essential tool for people all over the world who are seeking knowledge and answers to their questions.",a8b06581477d82e3db447a56652be494
7,2025-11-07 14:42:05,"Here is a structured study plan for learning Newton's Law over the course of one month, with a focu",297,1852,12," Here is a structured study plan for learning Newton's Law over the course of one month, with a focus on preparing for an exam:

**Week 1:**
- **Day 1 (Monday):**
   - Objective: Familiarize yourself with Newton's Laws.
   - Key Topics to Cover: Introductions to Newton's three laws of motion, including explanations and examples for each law.
   - Recommended Practice: Review online resources or textbooks that provide clear introductions and detailed explanations of Newton's Three Laws of Motion. Take notes on key concepts and practice answering questions based on the material you have studied.
   - Progress Checkpoint: After completing Day 1, take a break and then review your notes from the day's activities. Reflect on what you have learned so far and identify any areas where you may need additional clarification or practice.
- **Day 2 (Tuesday) to Day 7 (Monday):**
   - Continue reviewing online resources, textbooks, taking notes, practicing answering questions based on the material studied each day.
   - Identify key concepts and principles from Newton's Three Laws of Motion that you will need to understand in order to excel in your exam preparation. Make a list of these key concepts and work diligently towards mastering them through continued study, practice, and review over the course of one month.
   - Progress Checkpoint: At the end of each week (Day 7), take a break from studying and then reflect on what you have learned so far during your studies for Newton's Three Laws of Motion. Identify any key concepts or principles that may still require additional clarification, practice, or review in order to fully understand them before the exam. Make a list of these areas where additional study is needed and work diligently towards mastering them through continued study, practice, and review over the course of one month.",231cc915588beffd9c9c71df95b28244
8,2025-11-07 14:42:05,"Question: What is the primary purpose of Google's algorithm, according to a 2013 interview with for",93,587,9," Question: What is the primary purpose of Google's algorithm, according to a 2013 interview with former Google engineer Amit Singhal?

A) To deliver the most relevant and useful search results.
B) To prioritize the websites that pay for advertising.
C) To favor the websites owned by Google or its affiliates.
D) To rank websites based on their popularity, regardless of relevance to user queries.

Correct Answer: A
Explanation: According to Singhal's interview with The Verge in 2013, the primary purpose of Google's algorithm is to deliver the most relevant and useful search results.",6a0a2abb6da76a1b60868e2c605ec9f9
9,2025-11-07 14:42:05,Machine Learning (ML) is a subset of Artificial Intelligence (AI). It's like teaching computers to,215,1455,13," Machine Learning (ML) is a subset of Artificial Intelligence (AI). It's like teaching computers to learn and make decisions based on data, without being explicitly programmed for every possible situation.

Here's how it works in simple terms:
1. Data Collection - Gather large sets of data related to the problem you want to solve. This could be anything from images of handwritten digits (like what was used by Google Brain) or even social media posts.

2. Preprocessing - Clean and prepare your collected data for further analysis. This might involve removing any irrelevant information, fixing missing values using techniques like imputation, scaling the features to make them comparable, etc.

3. Feature Engineering - Identify important patterns in your preprocessed data that could help improve the performance of a machine learning model on this problem. Common feature engineering techniques include:
   - Extraction of low-level features (e.g., color histograms for images or bag-of-words representations for text)
   - Creation of higher-level, engineered features that capture more complex patterns in the data

4. Model Selection and Training - Choose a suitable machine learning model based on your problem type and available dataset size. Some common types of machine learning models include:
    - Supervised Learning Models (e.g., Linear Regression for continuous output variables or Logistic Regression for binary classification problems",66d4b7db0e3ce69ab95f61348facd206
10,2025-11-07 14:42:05,"Hello there! I'm excited to help you dive into the world of Java programming. Let's get started, sh",402,2709,15," Hello there! I'm excited to help you dive into the world of Java programming. Let's get started, shall we?

**1. Simple Introduction:**
Java is a popular object-oriented programming language that was first released by Sun Microsystems in 1995. With its simplicity and versatility, it has become one of the most widely used programming languages today.

**2. Key Concepts:**

* **Variables**: A container to store data values in a program.
* **Data Types**: Classification of variables based on the type of value they can hold (e.g., integers, floating-point numbers, characters).
* **Operators**: Symbols or symbols combinations that perform specific actions and operations on variable values. Examples include arithmetic operators (+,-,*,/), assignment operator (=), comparison operators (==, !=, >, <)), logical operators (&&, ||, !)).
* **Control Structures**: Programming constructs used to control the flow of a program based on certain conditions or logic. Examples include if-else statements, switch-case statements, loops (for loop, while loop, do-while loop).
* **Objects and Classes**: A core concept in object-oriented programming that allows developers to create reusable pieces of code called objects. Each object belongs to a specific class which defines its attributes (properties) and behaviors (methods). Examples include creating a Car class with properties like make, model, color, year, numberOfDoors, and methods such as startEngine(), stopEngine(), accelerate(), brake(), turnOnHeadlights().
* **Inheritance**: A mechanism in object-oriented programming that allows one class to acquire the properties and behaviors of another class. This is done by declaring a subclass (derived class) which inherits the attributes and methods from its superclass (base class). In our Car example, we can create a SportCar class that extends the Car class. The SportCar class would inherit all the properties and methods defined in the Car class, but it may also have additional or overridden properties and behaviors specific to sport cars.
* **Polymorphism**: A concept in object-oriented programming that allows one entity (object, variable) to take on many forms. Polymorphism is achieved through a combination of inheritance, method overloading, and method overriding. In our Car example, we can have an array or list of cars that includes both regular Cars and SportCars. When iterating through the collection, each car object will be polymorphic in nature, taking on its specific form (Car or SportCar) based on its actual runtime type.
* **Interfaces**: A programming construct used to define a set of methods that must be implemented by any class that implements the interface. Interfaces are",666137edb30c703b2b95b7e0705d0385
11,2025-11-07 14:42:05,"Question: Which planet is known as the ""Red Planet""? A) Venus B) Mars C) Jupiter D) Saturn Correct",44,256,7," Question: Which planet is known as the ""Red Planet""?
A) Venus
B) Mars
C) Jupiter
D) Saturn
Correct Answer: B
Explanation: The reddish appearance of Mars comes from iron oxide (rust) on its surface. This rusty color gives Mars its nickname, the Red Planet.",07bd772c2777a1e2ef5e52e358242c56
